Employee_Name,EmpID,PerfScoreID,FromDiversityJobFairID,Salary,Position,State,Zip,DOB,Age,Sex,MaritalDesc,CitizenDesc,DateofHire,DateofTermination,AttritionCount,EmploymentStatus,Department,ManagerName,RecruitmentSource,PerformanceScore,EngagementSurvey,EmpSatisfaction,SpecialProjectsCount,DaysLateLast30,Absences
"Adinolfi, Wilson K",10026,4,0,62506,Production Technician I,MA,1960,10-07-1983,40,M ,Single,US Citizen,05-07-2011,,0,Active,Production       ,Michael Albert,LinkedIn,Exceeds,4.6,5,0,0,1
"Ait Sidi, Karthikeyan",10084,3,0,104437,Sr. DBA,MA,2148,05-05-1975,48,M ,Married,US Citizen,30-03-2015,16-06-2016,1,Voluntarily Terminated,IT/IS,Simon Roup,Indeed,Fully Meets,4.96,3,6,0,17
"Akinkuolie, Sarah",10196,3,0,64955,Production Technician II,MA,1810,19-09-1988,35,F,Married,US Citizen,05-07-2011,24-09-2012,1,Voluntarily Terminated,Production       ,Kissy Sullivan,LinkedIn,Fully Meets,3.02,3,0,0,3
"Alagbe,Trina",10088,3,0,64991,Production Technician I,MA,1886,27-09-1988,35,F,Married,US Citizen,07-01-2008,,0,Active,Production       ,Elijiah Gray,Indeed,Fully Meets,4.84,5,0,0,15
"Anderson, Carol",10069,3,0,50825,Production Technician I,MA,2169,08-09-1989,34,F,Divorced,US Citizen,11-07-2011,06-09-2016,1,Voluntarily Terminated,Production       ,Webster Butler,Google Search,Fully Meets,5,4,0,0,2
"Anderson, Linda",10002,4,0,57568,Production Technician I,MA,1844,22-05-1977,46,F,Single,US Citizen,09-01-2012,,0,Active,Production       ,Amy Dunn,LinkedIn,Exceeds,5,5,0,0,15
"Andreola, Colby",10194,3,0,95660,Software Engineer,MA,2110,24-05-1979,44,F,Single,US Citizen,10-11-2014,,0,Active,Software Engineering,Alex Sweetwater,LinkedIn,Fully Meets,3.04,3,4,0,19
"Athwal, Sam",10062,3,0,59365,Production Technician I,MA,2199,18-02-1983,40,M ,Widowed,US Citizen,30-09-2013,,0,Active,Production       ,Ketsia Liebig,Employee Referral,Fully Meets,5,4,0,0,19
"Bachiochi, Linda",10114,3,1,47837,Production Technician I,MA,1902,11-02-1970,53,F,Single,US Citizen,06-07-2009,,0,Active,Production       ,Brannon Miller,Diversity Job Fair,Fully Meets,4.46,3,0,0,4
"Bacong, Alejandro",10250,3,0,50178,IT Support,MA,1886,07-01-1988,35,M ,Divorced,US Citizen,05-01-2015,,0,Active,IT/IS,Peter Monroe,Indeed,Fully Meets,5,5,6,0,16
"Baczenski, Rachael",10252,3,1,54670,Production Technician I,MA,1902,12-01-1974,49,F,Married,US Citizen,10-01-2011,12-01-2017,1,Voluntarily Terminated,Production       ,David Stanley,Diversity Job Fair,Fully Meets,4.2,4,0,0,12
"Barbara, Thomas",10242,3,1,47211,Production Technician I,MA,2062,21-02-1974,49,M ,Married,US Citizen,02-04-2012,19-09-2016,1,Voluntarily Terminated,Production       ,Kissy Sullivan,Diversity Job Fair,Fully Meets,4.2,3,0,0,15
"Barbossa, Hector",10012,4,1,92328,Data Analyst,TX,78230,04-07-1988,35,M ,Divorced,US Citizen,10-11-2014,,0,Active,IT/IS,Simon Roup,Diversity Job Fair,Exceeds,4.28,4,5,0,9
"Barone, Francesco A",10265,3,0,58709,Production Technician I,MA,1810,20-07-1983,40,M ,Single,US Citizen,20-02-2012,,0,Active,Production       ,Kelley Spirea,Google Search,Fully Meets,4.6,4,0,0,7
"Barton, Nader",10066,3,0,52505,Production Technician I,MA,2747,15-07-1977,46,M ,Divorced,US Citizen,24-09-2012,06-04-2017,1,Voluntarily Terminated,Production       ,Michael Albert,On-line Web application,Fully Meets,5,5,0,0,1
"Bates, Norman",10061,3,0,57834,Production Technician I,MA,2050,18-10-1981,42,M ,Single,US Citizen,21-02-2011,04-08-2017,1,Terminated for Cause,Production       ,Kelley Spirea,Google Search,Fully Meets,5,4,0,0,20
"Beak, Kimberly",10023,4,0,70131,Production Technician II,MA,2145,17-04-1966,57,F,Married,US Citizen,21-07-2016,,0,Active,Production       ,Kelley Spirea,Employee Referral,Exceeds,4.4,3,0,0,16
"Beatrice, Courtney",10055,3,0,59026,Production Technician I,MA,1915,27-10-1970,53,F,Single,Eligible NonCitizen,04-04-2011,,0,Active,Production       ,Elijiah Gray,Google Search,Fully Meets,5,5,0,0,12
"Becker, Renee",10245,3,0,110000,Database Administrator,MA,2026,04-04-1986,37,F,Single,US Citizen,07-07-2014,12-09-2015,1,Terminated for Cause,IT/IS,Simon Roup,Google Search,Fully Meets,4.5,4,5,0,8
"Becker, Scott",10277,3,0,53250,Production Technician I,MA,2452,06-04-1979,44,M ,Single,US Citizen,08-07-2013,,0,Active,Production       ,Webster Butler,LinkedIn,Fully Meets,4.2,4,0,0,13
"Bernstein, Sean",10046,3,0,51044,Production Technician I,MA,2072,22-12-1970,52,M ,Single,US Citizen,02-04-2012,,0,Active,Production       ,Amy Dunn,Google Search,Fully Meets,5,3,0,0,13
"Biden, Lowan M",10226,3,0,64919,Production Technician I,MA,2027,27-12-1958,64,F,Divorced,US Citizen,19-08-2013,,0,Active,Production       ,Ketsia Liebig,Indeed,Fully Meets,4.2,3,0,0,2
"Billis, Helen",10003,4,0,62910,Production Technician I,MA,2031,01-09-1989,34,F,Married,US Citizen,07-07-2014,,0,Active,Production       ,Brannon Miller,Indeed,Exceeds,5,3,0,0,19
"Blount, Dianna",10294,2,0,66441,Production Technician II,MA,2171,21-09-1990,33,F,Single,US Citizen,04-04-2011,,0,Active,Production       ,Michael Albert,CareerBuilder,Needs Improvement,2,3,0,2,3
"Bondwell, Betsy",10267,3,0,57815,Production Technician II,MA,2210,16-01-1967,56,F,Single,US Citizen,10-01-2011,04-04-2014,1,Voluntarily Terminated,Production       ,Elijiah Gray,Google Search,Fully Meets,4.8,5,0,0,5
"Booth, Frank",10199,3,0,103613,Enterprise Architect,CT,6033,30-07-1964,59,M ,Single,US Citizen,17-02-2014,19-02-2016,1,Terminated for Cause,IT/IS,Simon Roup,LinkedIn,Fully Meets,3.5,5,7,0,2
"Boutwell, Bonalyn",10081,3,1,106367,Sr. Accountant,MA,2468,04-04-1987,36,F,Married,US Citizen,16-02-2015,,0,Active,Admin Offices,Brandon R. LeBlanc,Diversity Job Fair,Fully Meets,5,4,3,0,4
"Bozzi, Charles",10175,3,0,74312,Production Manager,MA,1901,10-03-1970,53,M ,Single,US Citizen,30-09-2013,07-08-2014,1,Voluntarily Terminated,Production       ,Janet King,Indeed,Fully Meets,3.39,3,0,0,14
"Brill, Donna",10177,3,0,53492,Production Technician I,MA,1701,24-08-1990,33,F,Married,US Citizen,02-04-2012,15-06-2013,1,Voluntarily Terminated,Production       ,David Stanley,Google Search,Fully Meets,3.35,4,0,0,6
"Brown, Mia",10238,3,1,63000,Accountant I,MA,1450,24-11-1987,35,F,Married,US Citizen,27-10-2008,,0,Active,Admin Offices,Brandon R. LeBlanc,Diversity Job Fair,Fully Meets,4.5,2,6,0,14
"Buccheri, Joseph",10184,3,0,65288,Production Technician II,MA,1013,28-07-1983,40,M ,Single,US Citizen,29-09-2014,,0,Active,Production       ,Webster Butler,Google Search,Fully Meets,3.19,3,0,0,9
"Bugali, Josephine",10203,3,1,64375,Production Technician I,MA,2043,30-10-1969,54,F,Separated,US Citizen,11-11-2013,,0,Active,Production       ,Kissy Sullivan,Diversity Job Fair,Fully Meets,3.5,5,0,0,17
"Bunbury, Jessica",10188,3,0,74326,Area Sales Manager,VA,21851,01-06-1964,59,F,Married,Eligible NonCitizen,15-08-2011,02-08-2014,1,Voluntarily Terminated,Sales,John Smith,Google Search,Fully Meets,3.14,5,0,1,19
"Burke, Joelle",10107,3,0,63763,Production Technician II,MA,2148,02-03-1980,43,F,Single,US Citizen,05-03-2012,,0,Active,Production       ,Amy Dunn,Employee Referral,Fully Meets,4.51,4,0,0,3
"Burkett, Benjamin",10181,3,0,62162,Production Technician II,MA,1890,19-08-1977,46,M ,Married,US Citizen,04-04-2011,,0,Active,Production       ,Ketsia Liebig,Indeed,Fully Meets,3.25,5,0,0,15
"Cady, Max",10150,3,0,77692,Software Engineering Manager,MA,2184,22-11-1966,56,M ,Single,US Citizen,15-08-2011,,0,Active,Software Engineering,Jennifer Zamora,Google Search,Fully Meets,3.84,3,5,0,4
"Candie, Calvin",10001,4,0,72640,Production Manager,MA,2169,09-08-1983,40,M ,Single,US Citizen,28-01-2016,,0,Active,Production       ,Janet King,Indeed,Exceeds,5,3,0,0,14
"Carabbio, Judith",10085,3,0,93396,Software Engineer,MA,2132,05-04-1987,36,F,Single,US Citizen,11-11-2013,,0,Active,Software Engineering,Alex Sweetwater,Indeed,Fully Meets,4.96,4,6,0,3
"Carey, Michael",10115,3,0,52846,Production Technician I,MA,1701,02-02-1983,40,M ,Single,US Citizen,31-03-2014,,0,Active,Production       ,Kelley Spirea,LinkedIn,Fully Meets,4.43,3,0,0,14
"Carr, Claudia N",10082,3,0,100031,Sr. DBA,MA,1886,06-06-1986,37,F,Single,US Citizen,30-06-2016,,0,Active,IT/IS,Simon Roup,LinkedIn,Fully Meets,5,5,6,0,7
"Carter, Michelle",10040,3,0,71860,Area Sales Manager,VT,5664,15-05-1963,60,F,Single,US Citizen,18-08-2014,,0,Active,Sales,John Smith,Indeed,Fully Meets,5,5,0,0,7
"Chace, Beatrice",10067,3,0,61656,Production Technician I,MA,2763,02-01-1951,72,F,Single,US Citizen,29-09-2014,,0,Active,Production       ,Michael Albert,Google Search,Fully Meets,5,4,0,0,11
"Champaigne, Brian",10108,3,0,110929,BI Director,MA,2045,09-02-1972,51,M ,Married,US Citizen,06-09-2016,,0,Active,IT/IS,Jennifer Zamora,Indeed,Fully Meets,4.5,5,7,0,8
"Chan, Lin",10210,3,0,54237,Production Technician I,MA,2170,12-02-1979,44,F,Single,US Citizen,12-05-2014,,0,Active,Production       ,Elijiah Gray,Indeed,Fully Meets,3.3,4,0,0,11
"Chang, Donovan E",10154,3,0,60380,Production Technician I,MA,1845,24-08-1983,40,M ,Single,US Citizen,08-07-2013,,0,Active,Production       ,Webster Butler,LinkedIn,Fully Meets,3.8,5,0,0,4
"Chigurh, Anton",10200,3,0,66808,Area Sales Manager,TX,78207,11-06-1970,53,M ,Single,Eligible NonCitizen,14-05-2012,,0,Active,Sales,Lynn Daneault,Employee Referral,Fully Meets,3,5,0,0,17
"Chivukula, Enola",10240,3,0,64786,Production Technician I,MA,1775,27-08-1983,40,F,Single,US Citizen,27-06-2011,15-11-2015,1,Voluntarily Terminated,Production       ,Amy Dunn,Indeed,Fully Meets,4.3,4,0,0,3
"Cierpiszewski, Caroline",10168,3,0,64816,Production Technician I,MA,2044,31-05-1988,35,F,Single,Non-Citizen,03-10-2011,,0,Active,Production       ,Ketsia Liebig,Indeed,Fully Meets,3.58,5,0,0,3
"Clayton, Rick",10220,3,0,68678,IT Support,MA,2170,05-09-1985,38,M ,Single,US Citizen,05-09-2012,,0,Active,IT/IS,Eric Dougall,Indeed,Fully Meets,4.7,3,6,0,2
"Cloninger, Jennifer",10275,3,0,64066,Production Technician II,MA,1752,31-08-1981,42,F,Married,US Citizen,16-05-2011,07-01-2013,1,Voluntarily Terminated,Production       ,Brannon Miller,Google Search,Fully Meets,4.2,5,0,0,9
"Close, Phil",10269,3,0,59369,Production Technician II,MA,2169,25-11-1978,44,M ,Married,US Citizen,30-08-2010,26-09-2011,1,Voluntarily Terminated,Production       ,David Stanley,Indeed,Fully Meets,4.2,4,0,0,6
"Clukey, Elijian",10029,4,0,50373,Production Technician I,MA,2134,26-08-1980,43,M ,Married,US Citizen,06-07-2016,,0,Active,Production       ,Brannon Miller,Employee Referral,Exceeds,4.1,4,0,0,5
"Cockel, James",10261,3,0,63108,Production Technician I,MA,2452,08-09-1977,46,M ,Single,US Citizen,08-07-2013,,0,Active,Production       ,David Stanley,Employee Referral,Fully Meets,4.4,5,0,0,3
"Cole, Spencer",10292,2,0,59144,Production Technician I,MA,1880,12-08-1979,44,M ,Single,US Citizen,11-07-2011,23-09-2016,1,Terminated for Cause,Production       ,Kissy Sullivan,LinkedIn,Needs Improvement,2,3,0,5,16
"Corleone, Michael",10282,2,0,68051,Production Manager,MA,1803,17-12-1975,47,M ,Divorced,US Citizen,20-07-2010,,0,Active,Production       ,Janet King,CareerBuilder,Needs Improvement,4.13,2,0,3,3
"Corleone, Vito",10019,4,0,170500,Director of Operations,MA,2030,19-03-1983,40,M ,Single,US Citizen,05-01-2009,,0,Active,Production       ,Janet King,Indeed,Exceeds,3.7,5,0,0,15
"Cornett, Lisa",10094,3,0,63381,Production Technician I,MA,2189,31-03-1977,46,F,Married,US Citizen,05-01-2015,,0,Active,Production       ,Kelley Spirea,Indeed,Fully Meets,4.73,5,0,0,6
"Costello, Frank",10193,3,0,83552,Data Analyst,MA,1810,26-08-1986,37,M ,Married,US Citizen,30-03-2015,,0,Active,IT/IS,Simon Roup,Indeed,Fully Meets,3.04,3,6,0,2
"Crimmings, Jean",10132,3,0,56149,Production Technician I,MA,1821,10-04-1987,36,F,Single,US Citizen,06-07-2016,,0,Active,Production       ,Michael Albert,LinkedIn,Fully Meets,4.12,5,0,0,15
"Cross, Noah",10083,3,0,92329,Sr. Network Engineer,CT,6278,09-09-1965,58,M ,Single,US Citizen,10-11-2014,,0,Active,IT/IS,Peter Monroe,Employee Referral,Fully Meets,5,3,4,0,5
"Daneault, Lynn",10099,3,0,65729,Sales Manager,VT,5473,19-04-1990,33,F,Single,US Citizen,05-05-2014,,0,Active,Sales,Debra Houlihan,Indeed,Fully Meets,4.62,4,0,0,8
"Daniele, Ann",10212,3,0,85028,Sr. Network Engineer,CT,6033,18-01-1952,71,F,Married,US Citizen,10-11-2014,,0,Active,IT/IS,Peter Monroe,LinkedIn,Fully Meets,3.1,5,8,0,19
"Darson, Jene'ya",10056,3,0,57583,Production Technician I,MA,2110,05-11-1978,45,F,Married,US Citizen,02-07-2012,,0,Active,Production       ,Elijiah Gray,Indeed,Fully Meets,5,3,0,0,1
"Davis, Daniel",10143,3,0,56294,Production Technician II,MA,2458,14-09-1979,44,M ,Single,Eligible NonCitizen,07-11-2011,,0,Active,Production       ,Kissy Sullivan,LinkedIn,Fully Meets,3.96,4,0,0,6
"Dee, Randy",10311,1,0,56991,Production Technician I,MA,2138,15-04-1988,35,M ,Married,US Citizen,09-07-2018,,0,Active,Production       ,Brannon Miller,Indeed,Fully Meets,4.3,4,3,2,2
"DeGweck, James",10070,3,0,55722,Production Technician I,MA,1810,31-10-1977,46,M ,Married,US Citizen,16-05-2011,08-06-2016,1,Voluntarily Terminated,Production       ,Webster Butler,Indeed,Fully Meets,5,4,0,0,14
"Del Bosque, Keyla",10155,3,0,101199,Software Engineer,MA,2176,05-07-1979,44,F,Single,US Citizen,09-01-2012,,0,Active,Software Engineering,Alex Sweetwater,CareerBuilder,Fully Meets,3.79,5,5,0,8
"Delarge, Alex",10306,1,0,61568,Area Sales Manager,AL,36006,02-11-1975,48,M ,Single,US Citizen,29-09-2014,,0,Active,Sales,John Smith,Indeed,PIP,1.93,3,0,6,5
"Demita, Carla",10100,3,0,58275,Production Technician II,MA,2343,25-02-1951,72,F,Separated,US Citizen,04-04-2011,04-11-2015,1,Voluntarily Terminated,Production       ,Kelley Spirea,Google Search,Fully Meets,4.62,5,0,0,1
"Desimone, Carl",10310,1,0,53189,Production Technician I,MA,2061,19-04-1967,56,M ,Married,US Citizen,07-07-2014,,0,Active,Production       ,Amy Dunn,Indeed,PIP,1.12,2,0,4,9
"DeVito, Tommy",10197,3,0,96820,BI Developer,MA,2045,04-09-1983,40,M ,Single,US Citizen,15-02-2017,,0,Active,IT/IS,Brian Champaigne,Indeed,Fully Meets,3.01,5,7,0,15
"Dickinson, Geoff",10276,3,0,51259,Production Technician I,MA,2180,15-11-1982,40,M ,Single,US Citizen,12-05-2014,,0,Active,Production       ,Ketsia Liebig,Indeed,Fully Meets,4.3,4,0,0,1
"Dietrich, Jenna",10304,1,0,59231,Area Sales Manager,WA,98052,14-05-1987,36,F,Single,US Citizen,20-02-2012,,0,Active,Sales,John Smith,Website,PIP,2.3,1,0,2,17
"DiNocco, Lily",10284,2,0,61584,Production Technician I,MA,2351,02-12-1978,44,F,Married,US Citizen,07-01-2013,,0,Active,Production       ,Brannon Miller,Indeed,Needs Improvement,3.88,4,0,0,6
"Dobrin, Denisa S",10207,3,0,46335,Production Technician I,MA,2125,07-10-1986,37,F,Single,US Citizen,02-04-2012,,0,Active,Production       ,David Stanley,CareerBuilder,Fully Meets,3.4,5,0,0,15
"Dolan, Linda",10133,3,0,70621,IT Support,MA,2119,18-07-1988,35,F,Married,US Citizen,05-01-2015,,0,Active,IT/IS,Peter Monroe,Employee Referral,Fully Meets,4.11,4,6,0,16
"Dougall, Eric",10028,4,0,138888,IT Manager - Support,MA,1886,09-07-1970,53,M ,Single,US Citizen,05-01-2014,,0,Active,IT/IS,Jennifer Zamora,Indeed,Exceeds,4.3,5,5,0,4
"Driver, Elle",10006,4,0,74241,Area Sales Manager,CA,90007,08-11-1988,35,F,Single,US Citizen,10-01-2011,,0,Active,Sales,Lynn Daneault,Indeed,Exceeds,4.77,5,0,0,14
"Dunn, Amy",10105,3,0,75188,Production Manager,MA,1731,28-11-1973,49,F,Single,US Citizen,18-09-2014,,0,Active,Production       ,Janet King,Google Search,Fully Meets,4.52,4,0,0,4
"Dunne, Amy",10211,3,0,62514,Production Technician I,MA,1749,23-09-1973,50,F,Married,US Citizen,26-04-2010,,0,Active,Production       ,Ketsia Liebig,Google Search,Fully Meets,2.9,3,0,0,6
"Eaton, Marianne",10064,3,0,60070,Production Technician I,MA,2343,05-09-1991,32,F,Married,US Citizen,04-04-2011,06-06-2017,1,Voluntarily Terminated,Production       ,Kissy Sullivan,Google Search,Fully Meets,5,3,0,0,7
"Engdahl, Jean",10247,3,0,48888,Production Technician I,MA,2026,31-05-1974,49,M ,Single,US Citizen,10-11-2014,,0,Active,Production       ,Kelley Spirea,LinkedIn,Fully Meets,4.7,5,0,0,8
"England, Rex",10235,3,0,54285,Production Technician I,MA,2045,25-08-1978,45,M ,Married,US Citizen,31-03-2014,,0,Active,Production       ,Kelley Spirea,Employee Referral,Fully Meets,4.2,3,0,0,3
"Erilus, Angela",10299,1,0,56847,Production Technician II,MA,2133,25-08-1989,34,F,Separated,US Citizen,07-07-2014,,0,Active,Production       ,Michael Albert,Indeed,PIP,3,1,0,2,5
"Estremera, Miguel",10280,2,0,60340,Production Technician I,MA,2129,02-09-1983,40,M ,Single,US Citizen,02-04-2012,27-09-2018,1,Terminated for Cause,Production       ,Michael Albert,Google Search,Needs Improvement,5,4,0,5,16
"Evensen, April",10296,2,0,59124,Production Technician I,MA,2458,06-05-1989,34,F,Single,US Citizen,17-02-2014,25-02-2018,1,Terminated for Cause,Production       ,Elijiah Gray,Google Search,Needs Improvement,2.3,3,0,5,19
"Exantus, Susan",10290,2,0,99280,Software Engineer,MA,1749,15-05-1987,36,F,Married,US Citizen,02-05-2011,05-06-2013,1,Terminated for Cause,Software Engineering,Alex Sweetwater,Indeed,Needs Improvement,2.1,5,4,4,19
"Faller, Megan",10263,3,0,71776,Production Technician II,MA,1824,22-09-1978,45,F,Married,US Citizen,07-07-2014,,0,Active,Production       ,Elijiah Gray,LinkedIn,Fully Meets,4.4,5,0,0,17
"Fancett, Nicole",10136,3,0,65902,Production Technician II,MA,2324,27-09-1987,36,F,Single,US Citizen,17-02-2014,,0,Active,Production       ,Webster Butler,LinkedIn,Fully Meets,4,4,0,0,7
"Ferguson, Susan",10189,3,0,57748,Production Technician I,MA,2176,14-04-1955,68,F,Married,US Citizen,07-11-2011,17-05-2016,1,Voluntarily Terminated,Production       ,Webster Butler,Google Search,Fully Meets,3.13,3,0,0,16
"Fernandes, Nilson",10308,1,0,64057,Production Technician I,MA,2132,18-10-1989,34,M ,Married,US Citizen,11-05-2015,,0,Active,Production       ,Amy Dunn,Indeed,PIP,1.56,5,0,6,15
"Fett, Boba",10309,1,0,53366,Network Engineer,MA,2138,18-06-1987,36,M ,Single,US Citizen,30-03-2015,,0,Active,IT/IS,Peter Monroe,LinkedIn,PIP,1.2,3,6,3,2
"Fidelia, Libby",10049,3,0,58530,Production Technician I,MA,2155,16-03-1981,42,F,Married,US Citizen,09-01-2012,,0,Active,Production       ,Brannon Miller,Google Search,Fully Meets,5,5,0,0,19
"Fitzpatrick, Michael J",10093,3,0,72609,Production Technician II,MA,2143,01-10-1981,42,M ,Single,US Citizen,16-05-2011,24-06-2013,1,Voluntarily Terminated,Production       ,Amy Dunn,Google Search,Fully Meets,4.76,5,0,0,20
"Foreman, Tanya",10163,3,0,55965,Production Technician II,MA,2170,08-11-1983,40,F,Married,US Citizen,04-04-2011,09-01-2013,1,Voluntarily Terminated,Production       ,Ketsia Liebig,Google Search,Fully Meets,3.66,3,0,0,6
"Forrest, Alex",10305,3,0,70187,Area Sales Manager,MA,2330,07-07-1975,48,M ,Married,US Citizen,29-09-2014,19-08-2018,1,Terminated for Cause,Sales,Lynn Daneault,Employee Referral,PIP,2,5,0,4,7
"Foss, Jason",10015,4,0,178000,IT Director,MA,1460,05-07-1980,43,M ,Single,US Citizen,15-04-2011,,0,Active,IT/IS,Jennifer Zamora,Indeed,Exceeds,5,5,5,0,15
"Foster-Baker, Amy",10080,3,0,99351,Sr. Accountant,MA,2050,16-04-1979,44,F,Married,US Citizen,05-01-2009,,0,Active,Admin Offices,Board of Directors,Other,Fully Meets,5,3,2,0,3
"Fraval, Maruk",10258,3,0,67251,Area Sales Manager,CT,6050,28-08-1963,60,M ,Single,US Citizen,06-09-2011,,0,Active,Sales,Lynn Daneault,CareerBuilder,Fully Meets,4.3,3,0,2,7
"Galia, Lisa",10273,3,0,65707,IT Support,CT,6040,06-07-1968,55,F,Single,US Citizen,01-05-2010,,0,Active,IT/IS,Eric Dougall,LinkedIn,Fully Meets,4.7,4,5,0,1
"Garcia, Raul",10111,3,0,52249,Production Technician I,MA,1905,15-09-1985,38,M ,Single,US Citizen,30-03-2015,,0,Active,Production       ,David Stanley,Employee Referral,Fully Meets,4.5,3,0,0,5
"Gaul, Barbara",10257,3,0,53171,Production Technician I,MA,2121,02-12-1983,39,F,Single,US Citizen,16-05-2011,,0,Active,Production       ,Kelley Spirea,LinkedIn,Fully Meets,4.2,4,0,0,12
"Gentry, Mildred",10159,3,0,51337,Production Technician I,MA,2145,01-10-1990,33,F,Married,US Citizen,30-03-2015,,0,Active,Production       ,Michael Albert,LinkedIn,Fully Meets,3.73,3,0,0,19
"Gerke, Melisa",10122,3,1,51505,Production Technician I,MA,2330,15-05-1970,53,F,Divorced,US Citizen,07-11-2011,15-11-2016,1,Voluntarily Terminated,Production       ,Elijiah Gray,Diversity Job Fair,Fully Meets,4.24,4,0,0,2
"Gill, Whitney",10142,3,0,59370,Area Sales Manager,OH,43050,10-07-1971,52,F,Widowed,US Citizen,07-07-2014,05-09-2015,1,Terminated for Cause,Sales,John Smith,CareerBuilder,Fully Meets,3.97,4,0,0,7
"Gilles, Alex",10283,2,1,54933,Production Technician I,MA,2062,09-08-1974,49,M ,Married,US Citizen,02-04-2012,25-06-2015,1,Voluntarily Terminated,Production       ,Webster Butler,Diversity Job Fair,Needs Improvement,3.97,4,0,3,15
"Girifalco, Evelyn",10018,4,0,57815,Production Technician I,MA,2451,08-05-1980,43,F,Single,US Citizen,29-09-2014,,0,Active,Production       ,Amy Dunn,Indeed,Exceeds,3.9,4,0,0,3
"Givens, Myriam",10255,3,0,61555,Area Sales Manager,IN,46204,22-09-1989,34,F,Single,US Citizen,16-02-2015,,0,Active,Sales,Lynn Daneault,Indeed,Fully Meets,4.5,5,0,0,20
"Goble, Taisha",10246,3,0,114800,Database Administrator,MA,2127,23-10-1971,52,F,Single,US Citizen,16-02-2015,15-03-2015,1,Terminated for Cause,IT/IS,Simon Roup,Indeed,Fully Meets,4.6,4,4,0,10
"Goeth, Amon",10228,3,0,74679,IT Support,MA,2135,24-11-1989,33,M ,Married,US Citizen,30-03-2015,,0,Active,IT/IS,Peter Monroe,LinkedIn,Fully Meets,4.3,5,7,0,20
"Gold, Shenice",10243,3,0,53018,Production Technician I,MA,2451,18-06-1992,31,F,Single,US Citizen,11-11-2013,,0,Active,Production       ,Ketsia Liebig,Indeed,Fully Meets,4.3,5,0,0,7
"Gonzalez, Cayo",10031,4,1,59892,Production Technician I,MA,2108,29-09-1969,54,M ,Divorced,US Citizen,11-07-2011,,0,Active,Production       ,Brannon Miller,Diversity Job Fair,Exceeds,4.5,4,0,0,1
"Gonzalez, Juan",10300,1,1,68898,Production Technician II,MA,2128,12-10-1964,59,M ,Married,US Citizen,26-04-2010,30-05-2011,1,Voluntarily Terminated,Production       ,Brannon Miller,Diversity Job Fair,PIP,3,3,0,3,10
"Gonzalez, Maria",10101,3,0,61242,IT Support,MA,2472,16-04-1981,42,F,Separated,US Citizen,05-01-2015,,0,Active,IT/IS,Peter Monroe,Employee Referral,Fully Meets,4.61,4,5,0,11
"Good, Susan",10237,3,0,66825,Production Technician II,MA,1886,25-05-1986,37,F,Married,US Citizen,12-05-2014,,0,Active,Production       ,David Stanley,LinkedIn,Fully Meets,4.6,3,0,0,20
"Gordon, David",10051,3,0,48285,Production Technician I,MA,2169,21-05-1979,44,M ,Married,US Citizen,02-07-2012,,0,Active,Production       ,David Stanley,LinkedIn,Fully Meets,5,3,0,0,2
"Gosciminski, Phylicia",10218,3,0,66149,Production Technician II,MA,1824,08-12-1983,39,F,Separated,US Citizen,30-09-2013,,0,Active,Production       ,Kissy Sullivan,Google Search,Fully Meets,4.4,5,0,0,1
"Goyal, Roxana",10256,3,0,49256,Production Technician I,MA,1864,09-10-1974,49,F,Married,US Citizen,19-08-2013,,0,Active,Production       ,Kissy Sullivan,LinkedIn,Fully Meets,4.1,5,0,0,3
"Gray, Elijiah",10098,3,0,62957,Production Manager,MA,1752,11-07-1981,42,M ,Divorced,US Citizen,02-06-2015,,0,Active,Production       ,Janet King,Employee Referral,Fully Meets,4.63,3,0,0,2
"Gross, Paula",10059,3,0,63813,Production Technician I,MA,2176,21-05-1983,40,F,Divorced,US Citizen,21-02-2011,11-01-2014,1,Voluntarily Terminated,Production       ,Kelley Spirea,CareerBuilder,Fully Meets,5,5,0,0,17
"Gruber, Hans",10234,3,0,99020,BI Developer,MA,2134,30-06-1989,34,M ,Married,US Citizen,20-04-2017,,0,Active,IT/IS,Brian Champaigne,Indeed,Fully Meets,4.2,5,5,0,8
"Guilianno, Mike",10109,3,0,71707,Area Sales Manager,TN,37129,09-02-1969,54,M ,Single,US Citizen,07-03-2012,31-10-2014,1,Voluntarily Terminated,Sales,John Smith,LinkedIn,Fully Meets,4.5,5,0,0,20
"Handschiegl, Joanne",10125,3,0,54828,Production Technician I,MA,2127,23-03-1977,46,F,Married,US Citizen,28-11-2011,,0,Active,Production       ,Michael Albert,Google Search,Fully Meets,4.2,4,0,0,13
"Hankard, Earnest",10074,3,0,64246,Production Technician II,MA,2155,10-08-1988,35,M ,Single,US Citizen,11-11-2013,,0,Active,Production       ,Kelley Spirea,LinkedIn,Fully Meets,5,3,0,0,20
"Harrington, Christie",10097,3,0,52177,Production Technician I,MA,2324,18-08-1952,71,F,Single,US Citizen,09-01-2012,15-12-2015,1,Voluntarily Terminated,Production       ,Webster Butler,CareerBuilder,Fully Meets,4.64,4,0,0,8
"Harrison, Kara",10007,4,0,62065,Production Technician I,MA,1886,02-05-1974,49,F,Married,US Citizen,12-05-2014,,0,Active,Production       ,Amy Dunn,CareerBuilder,Exceeds,4.76,4,0,0,5
"Heitzman, Anthony",10129,3,0,46998,Production Technician I,MA,2149,04-01-1984,39,M ,Single,US Citizen,13-08-2012,,0,Active,Production       ,Ketsia Liebig,Google Search,Fully Meets,4.17,4,0,0,1
"Hendrickson, Trina",10075,3,0,68099,Production Technician II,MA,2021,27-08-1972,51,F,Single,US Citizen,10-01-2011,18-06-2013,1,Voluntarily Terminated,Production       ,Kelley Spirea,CareerBuilder,Fully Meets,5,3,0,0,15
"Hitchcock, Alfred",10167,3,0,70545,Area Sales Manager,NH,3062,14-09-1988,35,M ,Married,US Citizen,18-08-2014,,0,Active,Sales,John Smith,Indeed,Fully Meets,3.6,5,0,0,9
"Homberger, Adrienne J",10195,3,0,63478,Production Technician II,MA,2445,16-02-1984,39,F,Married,Non-Citizen,15-08-2011,07-04-2012,1,Voluntarily Terminated,Production       ,Michael Albert,Indeed,Fully Meets,3.03,5,0,0,16
"Horton, Jayne",10112,3,0,97999,Database Administrator,MA,2493,21-02-1984,39,F,Single,US Citizen,30-03-2015,,0,Active,IT/IS,Simon Roup,Indeed,Fully Meets,4.48,5,6,0,4
"Houlihan, Debra",10272,3,0,180000,Director of Sales,RI,2908,17-03-1966,57,F,Married,US Citizen,05-05-2014,,0,Active,Sales,Janet King,LinkedIn,Fully Meets,4.5,4,0,0,19
"Howard, Estelle",10182,3,0,49920,Administrative Assistant,MA,2170,16-09-1985,38,F,Married,US Citizen,16-02-2015,15-04-2015,1,Terminated for Cause,Admin Offices,Brandon R. LeBlanc,Indeed,Fully Meets,3.24,3,4,0,6
"Hudson, Jane",10248,3,0,55425,Production Technician I,MA,2176,10-06-1986,37,F,Single,US Citizen,20-02-2012,,0,Active,Production       ,Ketsia Liebig,LinkedIn,Fully Meets,4.8,4,0,0,4
"Hunts, Julissa",10201,3,0,69340,Production Technician II,MA,2021,11-03-1984,39,F,Single,US Citizen,06-06-2016,,0,Active,Production       ,Elijiah Gray,LinkedIn,Fully Meets,3,5,0,0,4
"Hutter, Rosalie",10214,3,0,64995,Production Technician II,MA,2351,07-05-1992,31,F,Separated,US Citizen,05-06-2015,,0,Active,Production       ,Webster Butler,Indeed,Fully Meets,4.5,3,0,0,6
"Huynh, Ming",10160,3,0,68182,Production Technician II,MA,1742,22-09-1976,47,F,Divorced,US Citizen,21-02-2011,01-04-2013,1,Voluntarily Terminated,Production       ,Amy Dunn,Google Search,Fully Meets,3.72,3,0,0,18
"Immediato, Walter",10289,2,0,83082,Production Manager,MA,2128,15-11-1976,47,M ,Married,US Citizen,21-02-2011,24-09-2012,1,Voluntarily Terminated,Production       ,Janet King,Indeed,Needs Improvement,2.34,2,0,3,4
"Ivey, Rose",10139,3,0,51908,Production Technician I,MA,1775,28-01-1991,32,F,Single,US Citizen,19-08-2013,,0,Active,Production       ,Brannon Miller,Indeed,Fully Meets,3.99,3,0,0,14
"Jackson, Maryellen",10227,3,0,61242,Production Technician I,MA,2081,11-09-1972,51,F,Single,US Citizen,05-11-2012,,0,Active,Production       ,David Stanley,LinkedIn,Fully Meets,4.1,3,0,0,7
"Jacobi, Hannah",10236,3,0,45069,Production Technician I,MA,1778,22-03-1966,57,F,Divorced,US Citizen,30-09-2013,,0,Active,Production       ,Kissy Sullivan,Employee Referral,Fully Meets,4.3,5,0,0,7
"Jeannite, Tayana",10009,4,0,60724,Production Technician II,MA,1821,06-11-1986,37,F,Divorced,US Citizen,05-07-2011,,0,Active,Production       ,Ketsia Liebig,LinkedIn,Exceeds,4.6,4,0,0,11
"Jhaveri, Sneha",10060,3,0,60436,Production Technician I,MA,2109,13-04-1964,59,F,Separated,US Citizen,06-01-2014,,0,Active,Production       ,Kelley Spirea,LinkedIn,Fully Meets,5,5,0,0,9
"Johnson, George",10034,4,0,46837,Production Technician I,MA,2445,19-08-1959,64,M ,Married,US Citizen,07-11-2011,29-04-2018,1,Voluntarily Terminated,Production       ,Michael Albert,CareerBuilder,Exceeds,4.7,4,0,0,9
"Johnson, Noelle",10156,3,0,105700,Database Administrator,MA,2301,07-11-1986,37,F,Married,US Citizen,05-01-2015,,0,Active,IT/IS,Simon Roup,Indeed,Fully Meets,3.75,3,5,0,2
"Johnston, Yen",10036,4,0,63322,Production Technician II,MA,2128,08-09-1969,54,F,Single,US Citizen,07-07-2014,,0,Active,Production       ,Brannon Miller,LinkedIn,Exceeds,4.3,3,0,0,1
"Jung, Judy",10138,3,0,61154,Production Technician I,MA,2446,17-04-1986,37,F,Married,US Citizen,10-01-2011,01-04-2016,1,Voluntarily Terminated,Production       ,Elijiah Gray,CareerBuilder,Fully Meets,4,4,0,0,4
"Kampew, Donysha",10244,3,0,68999,Sales Manager,PA,19444,11-11-1989,34,F,Single,US Citizen,07-11-2011,24-04-2014,1,Voluntarily Terminated,Sales,Debra Houlihan,Google Search,Fully Meets,4.5,5,0,0,2
"Keatts, Kramer",10192,3,0,50482,Production Technician I,MA,1887,19-01-1976,47,M ,Single,US Citizen,30-09-2013,,0,Active,Production       ,Michael Albert,Indeed,Fully Meets,3.07,4,0,0,10
"Khemmich, Bartholemew",10231,3,0,65310,Area Sales Manager,CO,80820,27-11-1979,43,M ,Single,US Citizen,19-08-2013,,0,Active,Sales,Lynn Daneault,Indeed,Fully Meets,4.3,5,0,0,13
"King, Janet",10089,3,0,250000,President & CEO,MA,1902,21-09-1954,69,F,Married,US Citizen,02-07-2012,,0,Active,Executive Office,Board of Directors,Indeed,Fully Meets,4.83,3,0,0,10
"Kinsella, Kathleen",10166,3,0,54005,Production Technician I,MA,2170,08-12-1973,49,F,Married,US Citizen,26-09-2011,04-06-2015,1,Voluntarily Terminated,Production       ,Webster Butler,Google Search,Fully Meets,3.6,5,0,0,16
"Kirill, Alexandra",10170,3,0,45433,Production Technician I,MA,2127,08-10-1970,53,F,Married,US Citizen,26-09-2011,09-01-2014,1,Voluntarily Terminated,Production       ,Amy Dunn,Google Search,Fully Meets,3.49,4,0,0,6
"Knapp, Bradley J",10208,3,0,46654,Production Technician I,MA,1721,10-11-1977,46,M ,Single,US Citizen,17-02-2014,,0,Active,Production       ,Ketsia Liebig,LinkedIn,Fully Meets,3.1,3,0,0,3
"Kretschmer, John",10176,3,0,63973,Production Technician I,MA,1801,02-02-1980,43,M ,Married,US Citizen,10-01-2011,,0,Active,Production       ,Brannon Miller,Indeed,Fully Meets,3.38,3,0,0,17
"Kreuger, Freddy",10165,3,1,71339,Area Sales Manager,NY,10171,24-02-1969,54,M ,Single,US Citizen,07-03-2011,,0,Active,Sales,John Smith,Diversity Job Fair,Fully Meets,3.65,5,0,0,20
"Lajiri, Jyoti",10113,3,0,93206,Sr. Network Engineer,MA,2169,23-04-1986,37,M ,Married,US Citizen,10-11-2014,,0,Active,IT/IS,Peter Monroe,Employee Referral,Fully Meets,4.46,5,6,0,7
"Landa, Hans",10092,3,0,82758,Production Manager,MA,1890,01-07-1972,51,M ,Married,US Citizen,10-01-2011,12-12-2015,1,Terminated for Cause,Production       ,Janet King,Employee Referral,Fully Meets,4.78,4,0,0,9
"Langford, Lindsey",10106,3,0,66074,Production Technician II,MA,2090,25-07-1979,44,F,Divorced,US Citizen,07-01-2013,31-03-2014,1,Voluntarily Terminated,Production       ,David Stanley,Indeed,Fully Meets,4.52,3,0,0,20
"Langton, Enrico",10052,3,0,46120,Production Technician I,MA,2048,09-12-1986,36,M ,Married,US Citizen,09-07-2012,,0,Active,Production       ,David Stanley,LinkedIn,Fully Meets,5,5,0,0,13
"LaRotonda, William",10038,3,0,64520,Accountant I,MA,1460,26-04-1984,39,M ,Divorced,US Citizen,06-01-2014,,0,Active,Admin Offices,Brandon R. LeBlanc,Website,Fully Meets,5,4,4,0,3
"Latif, Mohammed",10249,3,0,61962,Production Technician II,MA,2126,09-05-1984,39,M ,Married,US Citizen,02-04-2012,15-04-2013,1,Voluntarily Terminated,Production       ,Kissy Sullivan,Google Search,Fully Meets,4.9,3,0,0,20
"Le, Binh",10232,3,0,81584,Senior BI Developer,MA,1886,14-06-1987,36,F,Single,US Citizen,02-10-2016,,0,Active,IT/IS,Brian Champaigne,Indeed,Fully Meets,4.1,5,7,0,2
"Leach, Dallas",10087,3,0,63676,Production Technician I,MA,1810,17-01-1979,44,F,Single,US Citizen,26-09-2011,19-08-2018,1,Voluntarily Terminated,Production       ,Kissy Sullivan,CareerBuilder,Fully Meets,4.88,3,0,0,17
"LeBlanc, Brandon R",10134,3,0,93046,Shared Services Manager,MA,1460,10-06-1984,39,M ,Married,US Citizen,05-01-2016,,0,Active,Admin Offices,Janet King,CareerBuilder,Fully Meets,4.1,4,0,0,20
"Lecter, Hannibal",10251,3,0,64738,Production Technician I,MA,1776,02-09-1982,41,M ,Married,US Citizen,14-05-2012,,0,Active,Production       ,Elijiah Gray,Google Search,Fully Meets,4.1,3,0,0,10
"Leruth, Giovanni",10103,3,0,70468,Area Sales Manager,UT,84111,27-12-1988,34,M ,Separated,US Citizen,30-04-2012,,0,Active,Sales,John Smith,Website,Fully Meets,4.53,3,0,0,16
"Liebig, Ketsia",10017,4,0,77915,Production Manager,MA,2110,26-10-1981,42,F,Married,US Citizen,30-09-2013,,0,Active,Production       ,Janet King,Website,Exceeds,4.1,3,0,0,11
"Linares, Marilyn",10186,3,0,52624,Production Technician I,MA,1886,26-03-1981,42,F,Married,US Citizen,05-07-2011,26-09-2018,1,Voluntarily Terminated,Production       ,Michael Albert,Indeed,Fully Meets,3.18,4,0,0,16
"Linden, Mathew",10137,3,0,63450,Production Technician II,MA,1770,19-03-1979,44,M ,Married,US Citizen,08-07-2013,,0,Active,Production       ,Kelley Spirea,LinkedIn,Fully Meets,4,3,0,0,7
"Lindsay, Leonara",10008,4,1,51777,IT Support,CT,6070,05-10-1988,35,F,Single,US Citizen,21-01-2011,,0,Active,IT/IS,Eric Dougall,Diversity Job Fair,Exceeds,4.64,4,5,0,14
"Lundy, Susan",10096,3,0,67237,Production Technician II,MA,2122,26-12-1976,46,F,Widowed,US Citizen,08-07-2013,15-09-2016,1,Voluntarily Terminated,Production       ,Michael Albert,LinkedIn,Fully Meets,4.65,4,0,0,15
"Lunquist, Lisa",10035,4,0,73330,Production Technician II,MA,2324,28-03-1982,41,F,Single,US Citizen,19-08-2013,,0,Active,Production       ,Elijiah Gray,Indeed,Exceeds,4.2,4,0,0,19
"Lydon, Allison",10057,3,0,52057,Production Technician I,MA,2122,22-10-1975,48,F,Married,US Citizen,16-02-2015,,0,Active,Production       ,Elijiah Gray,Website,Fully Meets,5,3,0,0,6
"Lynch, Lindsay",10004,4,1,47434,Production Technician I,MA,1844,14-02-1973,50,F,Single,US Citizen,07-11-2011,14-11-2015,1,Voluntarily Terminated,Production       ,Webster Butler,Diversity Job Fair,Exceeds,5,4,0,0,17
"MacLennan, Samuel",10191,3,0,52788,Production Technician I,MA,1938,09-11-1972,51,M ,Widowed,US Citizen,24-09-2012,26-09-2017,1,Voluntarily Terminated,Production       ,Amy Dunn,Indeed,Fully Meets,3.08,4,0,0,18
"Mahoney, Lauren",10219,3,0,45395,Production Technician I,MA,2189,07-07-1986,37,F,Single,US Citizen,06-01-2014,,0,Active,Production       ,Ketsia Liebig,LinkedIn,Fully Meets,4.6,4,0,0,14
"Manchester, Robyn",10077,3,0,62385,Production Technician II,MA,2324,25-08-1976,47,F,Married,US Citizen,11-05-2016,,0,Active,Production       ,Webster Butler,LinkedIn,Fully Meets,5,3,0,0,4
"Mancuso, Karen",10073,3,0,68407,Production Technician II,MA,2176,10-12-1986,36,F,Married,US Citizen,05-07-2011,19-08-2012,1,Voluntarily Terminated,Production       ,Amy Dunn,LinkedIn,Fully Meets,5,4,0,0,16
"Mangal, Debbie",10279,3,0,61349,Production Technician I,MA,2451,07-11-1974,49,F,Married,US Citizen,11-11-2013,,0,Active,Production       ,Brannon Miller,LinkedIn,Fully Meets,4.1,3,0,0,11
"Martin, Sandra",10110,3,0,105688,Software Engineer,MA,2135,07-11-1987,36,F,Single,US Citizen,11-11-2013,,0,Active,Software Engineering,Alex Sweetwater,Google Search,Fully Meets,4.5,5,4,0,14
"Maurice, Shana",10053,3,0,54132,Production Technician I,MA,2330,22-11-1977,45,F,Married,US Citizen,31-05-2011,,0,Active,Production       ,David Stanley,Indeed,Fully Meets,5,4,0,0,8
"Carthy, B'rigit",10076,3,0,55315,Production Technician II,MA,2149,21-05-1987,36,F,Single,US Citizen,30-03-2015,,0,Active,Production       ,Ketsia Liebig,LinkedIn,Fully Meets,5,5,0,0,16
"Mckenna, Sandy",10145,3,0,62810,Production Technician I,MA,2184,07-01-1987,36,F,Married,US Citizen,07-01-2013,,0,Active,Production       ,Kissy Sullivan,CareerBuilder,Fully Meets,3.93,3,0,0,20
"McKinzie, Jac",10202,3,0,63291,Area Sales Manager,TX,78789,01-07-1984,39,M ,Married,US Citizen,06-07-2016,,0,Active,Sales,Lynn Daneault,Website,Fully Meets,3.4,4,0,0,7
"Meads, Elizabeth",10128,3,1,62659,Production Technician I,MA,1760,30-05-1968,55,F,Single,US Citizen,02-04-2012,11-11-2016,1,Voluntarily Terminated,Production       ,Kelley Spirea,Diversity Job Fair,Fully Meets,4.18,4,0,0,17
"Medeiros, Jennifer",10068,3,0,55688,Production Technician I,MA,2346,22-09-1976,47,F,Single,US Citizen,30-03-2015,,0,Active,Production       ,Michael Albert,CareerBuilder,Fully Meets,5,4,0,0,10
"Miller, Brannon",10116,3,0,83667,Production Manager,MA,2045,10-08-1981,42,M ,Single,US Citizen,16-08-2012,,0,Active,Production       ,Janet King,Indeed,Fully Meets,4.37,3,0,0,2
"Miller, Ned",10298,1,0,55800,Production Technician II,MA,2472,29-06-1985,38,M ,Single,US Citizen,15-08-2011,04-09-2014,1,Voluntarily Terminated,Production       ,Brannon Miller,LinkedIn,PIP,3,2,0,6,6
"Monkfish, Erasumus",10213,3,0,58207,Production Technician II,MA,1450,17-08-1992,31,M ,Married,US Citizen,07-11-2011,,0,Active,Production       ,David Stanley,LinkedIn,Fully Meets,3.7,3,0,0,14
"Monroe, Peter",10288,2,1,157000,IT Manager - Infra,MA,2134,05-10-1986,37,M ,Married,Eligible NonCitizen,15-02-2012,,0,Active,IT/IS,Jennifer Zamora,Diversity Job Fair,Needs Improvement,2.39,3,6,4,13
"Monterro, Luisa",10025,4,0,72460,Production Technician II,MA,2126,24-04-1970,53,F,Single,US Citizen,13-05-2013,,0,Active,Production       ,Kissy Sullivan,Indeed,Exceeds,4.7,3,0,0,1
"Moran, Patrick",10223,3,1,72106,Production Technician II,MA,2127,03-12-1976,46,M ,Single,US Citizen,09-01-2012,,0,Active,Production       ,Kelley Spirea,Diversity Job Fair,Fully Meets,4.1,4,0,0,12
"Morway, Tanya",10151,3,0,52599,Network Engineer,MA,2048,04-04-1979,44,F,Married,US Citizen,16-02-2015,,0,Active,IT/IS,Peter Monroe,CareerBuilder,Fully Meets,3.81,3,6,0,6
"Motlagh, Dawn",10254,3,0,63430,Production Technician I,MA,2453,07-07-1984,39,F,Divorced,US Citizen,01-04-2013,,0,Active,Production       ,Elijiah Gray,LinkedIn,Fully Meets,4.4,4,0,0,18
"Moumanil, Maliki",10120,3,0,74417,Production Technician II,MA,1460,01-12-1974,48,M ,Separated,US Citizen,13-05-2013,,0,Active,Production       ,Michael Albert,LinkedIn,Fully Meets,4.29,5,0,0,11
"Myers, Michael",10216,3,0,57575,Production Technician I,MA,1550,18-04-1980,43,M ,Single,US Citizen,08-07-2013,,0,Active,Production       ,Kissy Sullivan,LinkedIn,Fully Meets,4.1,4,0,0,13
"Navathe, Kurt",10079,3,0,87921,Senior BI Developer,MA,2056,25-04-1970,53,M ,Single,US Citizen,10-02-2017,,0,Active,IT/IS,Brian Champaigne,Indeed,Fully Meets,5,3,6,0,17
"Ndzi, Colombui",10215,3,1,50470,Production Technician I,MA,2110,02-05-1989,34,M ,Single,US Citizen,26-09-2011,04-04-2014,1,Voluntarily Terminated,Production       ,Webster Butler,Diversity Job Fair,Fully Meets,4.3,3,0,0,19
"Ndzi, Horia",10185,3,0,46664,Production Technician I,MA,2421,28-03-1983,40,M ,Married,US Citizen,01-04-2013,25-05-2016,1,Voluntarily Terminated,Production       ,Amy Dunn,Employee Referral,Fully Meets,3.18,3,0,0,10
"Newman, Richard",10063,3,0,48495,Production Technician I,MA,2136,08-04-1977,46,M ,Married,US Citizen,12-05-2014,,0,Active,Production       ,Ketsia Liebig,LinkedIn,Fully Meets,5,5,0,0,11
"Ngodup, Shari",10037,4,1,52984,Production Technician I,MA,1810,03-06-1967,56,F,Separated,US Citizen,01-04-2013,,0,Active,Production       ,Brannon Miller,Diversity Job Fair,Exceeds,4,3,0,0,12
"Nguyen, Dheepa",10042,3,0,63695,Area Sales Manager,GA,30428,31-03-1989,34,F,Single,US Citizen,08-07-2013,,0,Active,Sales,Lynn Daneault,Indeed,Fully Meets,5,5,0,0,2
"Nguyen, Lei-Ming",10206,3,0,62061,Production Technician I,MA,2132,07-07-1984,39,F,Single,US Citizen,08-07-2013,,0,Active,Production       ,David Stanley,LinkedIn,Fully Meets,3.6,5,0,0,4
"Nowlan, Kristie",10104,3,0,66738,Production Technician II,MA,1040,23-11-1985,37,F,Single,US Citizen,10-11-2014,,0,Active,Production       ,Elijiah Gray,Indeed,Fully Meets,4.53,5,0,0,5
"O'hare, Lynn",10303,1,0,52674,Production Technician I,MA,2152,30-09-1980,43,F,Single,US Citizen,31-03-2014,01-05-2018,1,Terminated for Cause,Production       ,Kissy Sullivan,LinkedIn,PIP,2.33,2,0,6,3
"Oliver, Brooke",10078,3,0,71966,Production Technician II,MA,2492,11-02-1952,71,F,Married,US Citizen,14-05-2012,19-08-2013,1,Voluntarily Terminated,Production       ,Webster Butler,LinkedIn,Fully Meets,5,3,0,0,17
"Onque, Jasmine",10121,3,0,63051,Area Sales Manager,FL,33174,11-05-1990,33,F,Single,US Citizen,30-09-2013,,0,Active,Sales,Lynn Daneault,Indeed,Fully Meets,4.28,3,0,0,1
"Osturnka, Adeel",10021,4,0,47414,Production Technician I,MA,2478,11-12-1976,46,M ,Married,US Citizen,30-09-2013,,0,Active,Production       ,Kelley Spirea,LinkedIn,Exceeds,5,3,0,0,13
"Owad, Clinton",10281,2,0,53060,Production Technician I,MA,1760,24-11-1979,43,M ,Single,US Citizen,17-02-2014,,0,Active,Production       ,Michael Albert,LinkedIn,Needs Improvement,4.25,3,0,4,6
"Ozark, Travis",10041,3,0,68829,Area Sales Manager,NC,27229,19-05-1982,41,M ,Single,US Citizen,05-01-2015,,0,Active,Sales,John Smith,Website,Fully Meets,5,5,0,0,18
"Panjwani, Nina",10148,3,0,63515,Production Technician I,MA,2351,01-05-1979,44,F,Married,US Citizen,07-02-2011,12-01-2014,1,Voluntarily Terminated,Production       ,Elijiah Gray,Google Search,Fully Meets,3.89,4,0,0,7
"Patronick, Lucas",10005,4,1,108987,Software Engineer,MA,1844,20-02-1979,44,M ,Single,US Citizen,07-11-2011,07-09-2015,1,Voluntarily Terminated,Software Engineering,Alex Sweetwater,Diversity Job Fair,Exceeds,5,5,3,0,13
"Pearson, Randall",10259,3,0,93093,Data Analyst,MA,2747,05-09-1984,39,M ,Married,US Citizen,01-12-2014,01-05-2016,1,Voluntarily Terminated,IT/IS,Simon Roup,Employee Referral,Fully Meets,4.7,4,5,0,19
"Smith, Martin",10286,2,0,53564,Production Technician I,MA,2458,17-03-1988,35,M ,Single,US Citizen,10-01-2011,28-12-2017,1,Voluntarily Terminated,Production       ,Webster Butler,Google Search,Needs Improvement,3.54,5,0,4,15
"Pelletier, Ermine",10297,2,0,60270,Production Technician II,MA,2472,18-07-1989,34,F,Married,US Citizen,05-07-2011,15-09-2015,1,Voluntarily Terminated,Production       ,Amy Dunn,CareerBuilder,Needs Improvement,2.4,5,0,5,2
"Perry, Shakira",10171,3,0,45998,Production Technician I,MA,2176,20-07-1986,37,F,Single,US Citizen,16-05-2011,25-10-2015,1,Voluntarily Terminated,Production       ,Amy Dunn,LinkedIn,Fully Meets,3.45,4,0,0,5
"Peters, Lauren",10032,4,0,57954,Production Technician II,MA,1886,17-08-1986,37,F,Married,US Citizen,16-05-2011,04-02-2013,1,Voluntarily Terminated,Production       ,Ketsia Liebig,Indeed,Exceeds,4.2,5,0,0,12
"Peterson, Ebonee",10130,3,0,74669,Production Manager,MA,2030,09-05-1977,46,F,Married,US Citizen,25-10-2010,18-05-2016,1,Voluntarily Terminated,Production       ,Janet King,Indeed,Fully Meets,4.16,5,0,0,6
"Petingill, Shana",10217,3,0,74226,Production Technician II,MA,2050,10-03-1979,44,F,Married,Eligible NonCitizen,02-04-2012,,0,Active,Production       ,Brannon Miller,LinkedIn,Fully Meets,4.3,3,0,0,14
"Petrowsky, Thelma",10016,4,0,93554,Data Analyst,MA,1886,16-09-1984,39,F,Married,US Citizen,10-11-2014,,0,Active,IT/IS,Simon Roup,Employee Referral,Exceeds,4.6,5,7,0,16
"Pham, Hong",10050,3,0,64724,Production Technician I,MA,2451,06-03-1988,35,M ,Married,US Citizen,05-07-2011,30-11-2012,1,Voluntarily Terminated,Production       ,Brannon Miller,Google Search,Fully Meets,5,3,0,0,13
"Pitt, Brad",10164,3,0,47001,Production Technician I,MA,2451,23-11-1981,41,M ,Single,US Citizen,05-11-2007,,0,Active,Production       ,David Stanley,Google Search,Fully Meets,3.66,3,0,0,15
"Potts, Xana",10124,3,0,61844,Area Sales Manager,KY,40220,29-08-1988,35,F,Married,US Citizen,09-01-2012,,0,Active,Sales,Lynn Daneault,Website,Fully Meets,4.2,5,0,0,9
"Power, Morissa",10187,3,0,46799,Production Technician I,MA,1742,15-10-1984,39,F,Divorced,Eligible NonCitizen,16-05-2011,04-06-2018,1,Voluntarily Terminated,Production       ,Kissy Sullivan,Google Search,Fully Meets,3.17,4,0,0,14
"Punjabhi, Louis",10225,3,0,59472,Production Technician I,MA,2109,19-06-1961,62,M ,Single,US Citizen,06-01-2014,,0,Active,Production       ,Kelley Spirea,Employee Referral,Fully Meets,4.8,3,0,0,14
"Purinton, Janine",10262,3,0,46430,Production Technician I,MA,2474,22-09-1970,53,F,Divorced,US Citizen,24-09-2012,18-06-2013,1,Voluntarily Terminated,Production       ,Kissy Sullivan,Indeed,Fully Meets,4.5,5,0,0,16
"Quinn, Sean",10131,3,1,83363,Software Engineer,MA,2045,06-11-1984,39,M ,Married,Eligible NonCitizen,21-02-2011,15-08-2015,1,Voluntarily Terminated,Software Engineering,Janet King,Diversity Job Fair,Fully Meets,4.15,4,0,0,4
"Rachael, Maggie",10239,3,0,95920,BI Developer,MA,2110,12-05-1980,43,F,Married,US Citizen,02-10-2016,,0,Active,IT/IS,Brian Champaigne,Indeed,Fully Meets,4.4,4,6,0,10
"Rarrick, Quinn",10152,3,0,61729,Production Technician I,MA,2478,31-12-1984,38,M ,Divorced,US Citizen,26-09-2011,07-04-2018,1,Voluntarily Terminated,Production       ,Michael Albert,Indeed,Fully Meets,3.8,5,0,0,19
"Ren, Kylo",10140,3,0,61809,Area Sales Manager,ID,83706,12-10-1954,69,M ,Married,US Citizen,12-05-2014,,0,Active,Sales,John Smith,CareerBuilder,Fully Meets,3.98,3,0,0,4
"Rhoads, Thomas",10058,3,0,45115,Production Technician I,MA,2176,22-07-1982,41,M ,Divorced,US Citizen,16-05-2011,15-01-2016,1,Voluntarily Terminated,Production       ,Elijiah Gray,LinkedIn,Fully Meets,5,4,0,0,11
"Rivera, Haley",10011,4,0,46738,Production Technician I,MA,2171,12-01-1973,50,F,Married,US Citizen,28-11-2011,,0,Active,Production       ,Webster Butler,Google Search,Exceeds,4.36,5,0,0,16
"Roberson, May",10230,3,0,64971,Production Technician II,MA,1902,05-09-1981,42,F,Divorced,Eligible NonCitizen,26-09-2011,22-10-2011,1,Voluntarily Terminated,Production       ,David Stanley,Google Search,Fully Meets,4.5,4,0,0,10
"Robertson, Peter",10224,3,0,55578,Production Technician II,MA,2138,03-07-1972,51,M ,Married,US Citizen,05-07-2011,08-02-2012,1,Voluntarily Terminated,Production       ,Kissy Sullivan,Indeed,Fully Meets,4.2,5,0,0,13
"Robinson, Alain",10047,3,0,50428,Production Technician I,MA,1420,07-01-1974,49,M ,Married,US Citizen,10-01-2011,26-01-2016,1,Voluntarily Terminated,Production       ,Amy Dunn,Indeed,Fully Meets,5,3,0,0,11
"Robinson, Cherly",10285,2,0,61422,Production Technician I,MA,1460,07-01-1985,38,F,Married,US Citizen,10-01-2011,17-05-2016,1,Terminated for Cause,Production       ,Ketsia Liebig,Indeed,Needs Improvement,3.6,3,0,4,16
"Robinson, Elias",10020,4,0,63353,Production Technician I,MA,1730,28-01-1985,38,M ,Widowed,US Citizen,08-07-2013,,0,Active,Production       ,Brannon Miller,Employee Referral,Exceeds,3.6,5,0,0,4
"Roby, Lori",10162,3,0,89883,Data Analyst,MA,1886,11-10-1981,42,F,Married,US Citizen,16-02-2015,,0,Active,IT/IS,Simon Roup,Employee Referral,Fully Meets,3.69,5,6,0,15
"Roehrich, Bianca",10149,3,0,120000,Principal Data Architect,MA,2703,27-05-1973,50,F,Single,US Citizen,05-01-2015,10-11-2018,1,Voluntarily Terminated,IT/IS,Simon Roup,LinkedIn,Fully Meets,3.88,3,7,0,12
"Roper, Katie",10086,3,0,150290,Data Architect,MA,2056,21-11-1972,50,F,Single,US Citizen,07-01-2017,,0,Active,IT/IS,Brian Champaigne,Indeed,Fully Meets,4.94,3,5,0,17
"Rose, Ashley",10054,3,0,60627,Production Technician I,MA,1886,05-12-1974,48,F,Separated,US Citizen,06-01-2014,,0,Active,Production       ,David Stanley,Website,Fully Meets,5,4,0,0,8
"Rossetti, Bruno",10065,3,0,53180,Production Technician I,MA,2155,18-03-1987,36,M ,Single,US Citizen,04-04-2011,13-08-2018,1,Voluntarily Terminated,Production       ,Kissy Sullivan,Google Search,Fully Meets,5,5,0,0,4
"Roup,Simon",10198,3,0,140920,IT Manager - DB,MA,2481,05-04-1973,50,M ,Single,US Citizen,20-01-2013,,0,Active,IT/IS,Jennifer Zamora,Indeed,Fully Meets,3.6,5,7,0,13
"Ruiz, Ricardo",10222,3,1,148999,IT Manager - DB,MA,1915,04-01-1964,59,M ,Divorced,US Citizen,09-01-2012,04-11-2015,1,Voluntarily Terminated,IT/IS,Jennifer Zamora,Diversity Job Fair,Fully Meets,4.3,4,6,0,8
"Saada, Adell",10126,3,0,86214,Software Engineer,MA,2132,24-07-1986,37,F,Married,US Citizen,05-11-2012,,0,Active,Software Engineering,Alex Sweetwater,Indeed,Fully Meets,4.2,3,6,0,2
"Saar-Beckles, Melinda",10295,2,1,47750,Production Technician I,MA,1801,06-06-1968,55,F,Single,US Citizen,04-07-2016,,0,Active,Production       ,Kelley Spirea,Diversity Job Fair,Needs Improvement,2.6,4,0,5,4
"Sadki, Nore",10260,3,0,46428,Production Technician I,MA,2148,21-12-1974,48,M ,Single,US Citizen,05-01-2009,30-07-2018,1,Voluntarily Terminated,Production       ,Michael Albert,Google Search,Fully Meets,4.6,5,0,0,7
"Sahoo, Adil",10233,3,0,57975,Production Technician II,MA,2062,26-04-1986,37,M ,Married,US Citizen,30-08-2010,,0,Active,Production       ,Kelley Spirea,CareerBuilder,Fully Meets,4.1,3,0,0,13
"Salter, Jason",10229,3,0,88527,Data Analyst ,MA,2452,17-12-1987,35,M ,Divorced,US Citizen,05-01-2015,31-10-2015,1,Voluntarily Terminated,IT/IS,Simon Roup,LinkedIn,Fully Meets,4.2,3,5,0,2
"Sander, Kamrin",10169,3,0,56147,Production Technician I,MA,2154,10-07-1988,35,F,Married,US Citizen,29-09-2014,,0,Active,Production       ,Elijiah Gray,LinkedIn,Fully Meets,3.51,3,0,0,2
"Sewkumar, Nori",10071,3,0,50923,Production Technician I,MA,2191,10-03-1975,48,F,Single,US Citizen,30-09-2013,,0,Active,Production       ,Webster Butler,Google Search,Fully Meets,5,5,0,0,14
"Shepard, Anita",10179,3,0,50750,Network Engineer,MA,1773,14-04-1981,42,F,Married,US Citizen,30-09-2014,,0,Active,IT/IS,Peter Monroe,LinkedIn,Fully Meets,3.31,3,6,0,7
"Shields, Seffi",10091,3,0,52087,Production Technician I,MA,2149,24-08-1985,38,F,Married,US Citizen,19-08-2013,,0,Active,Production       ,Amy Dunn,LinkedIn,Fully Meets,4.81,4,0,0,15
"Simard, Kramer",10178,3,0,87826,Data Analyst,MA,2110,08-02-1970,53,M ,Married,US Citizen,05-01-2015,,0,Active,IT/IS,Simon Roup,Employee Referral,Fully Meets,3.32,3,7,0,16
"Singh, Nan",10039,3,0,51920,Administrative Assistant,MA,2330,19-05-1988,35,F,Single,US Citizen,01-05-2015,,0,Active,Admin Offices,Brandon R. LeBlanc,Website,Fully Meets,5,3,5,0,2
"Sloan, Constance",10095,3,0,63878,Production Technician II,MA,1851,25-11-1987,35,F,Single,US Citizen,26-10-2009,08-04-2015,1,Voluntarily Terminated,Production       ,Michael Albert,CareerBuilder,Fully Meets,4.68,4,0,0,20
"Smith, Joe",10027,4,0,60656,Production Technician II,MA,2045,30-10-1963,60,M ,Single,US Citizen,29-09-2014,,0,Active,Production       ,Elijiah Gray,Indeed,Exceeds,4.3,3,0,0,4
"Smith, John",10291,2,1,72992,Sales Manager,MA,1886,16-08-1984,39,M ,Divorced,US Citizen,18-05-2014,,0,Active,Sales,Debra Houlihan,Diversity Job Fair,Needs Improvement,2.4,4,0,2,16
"Smith, Leigh Ann",10153,3,1,55000,Administrative Assistant,MA,1844,14-06-1987,36,F,Married,US Citizen,26-09-2011,25-09-2013,1,Voluntarily Terminated,Admin Offices,Brandon R. LeBlanc,Diversity Job Fair,Fully Meets,3.8,4,4,0,17
"Smith, Sade",10157,3,0,58939,Production Technician I,MA,2130,02-02-1965,58,F,Single,US Citizen,11-11-2013,,0,Active,Production       ,Ketsia Liebig,Employee Referral,Fully Meets,3.73,3,0,0,16
"Soto, Julia",10119,3,0,66593,IT Support,MA,2360,12-03-1973,50,F,Married,US Citizen,10-06-2011,,0,Active,IT/IS,Eric Dougall,LinkedIn,Fully Meets,4.3,3,5,0,19
"Soze, Keyser",10180,3,0,87565,Sr. Network Engineer,MA,1545,09-02-1983,40,M ,Married,US Citizen,30-06-2016,,0,Active,IT/IS,Peter Monroe,LinkedIn,Fully Meets,3.27,4,5,0,13
"Sparks, Taylor",10302,1,0,64021,Production Technician I,MA,2093,20-07-1968,55,F,Married,US Citizen,20-02-2012,,0,Active,Production       ,Brannon Miller,Indeed,PIP,2.4,2,1,6,20
"Spirea, Kelley",10090,3,0,65714,Production Manager,MA,2451,30-09-1975,48,F,Married,US Citizen,02-10-2012,,0,Active,Production       ,Janet King,LinkedIn,Fully Meets,4.83,5,0,0,15
"Squatrito, Kristen",10030,4,0,62425,Production Technician I,MA,2359,26-03-1973,50,F,Divorced,US Citizen,13-05-2013,29-06-2015,1,Voluntarily Terminated,Production       ,David Stanley,LinkedIn,Exceeds,4.1,4,0,0,16
"Stanford,Barbara M",10278,3,0,47961,Production Technician I,MA,2050,25-08-1982,41,F,Divorced,US Citizen,10-01-2011,,0,Active,Production       ,Kissy Sullivan,Google Search,Fully Meets,4.1,4,0,0,9
"Stansfield, Norman",10307,1,0,58273,Area Sales Manager,NV,89139,09-05-1974,49,M ,Married,US Citizen,12-05-2014,,0,Active,Sales,Lynn Daneault,Website,PIP,1.81,2,0,3,5
"Steans, Tyrone",10147,3,0,63003,Accountant I,MA,2703,01-09-1986,37,M ,Single,US Citizen,29-09-2014,,0,Active,Admin Offices,Brandon R. LeBlanc,Indeed,Fully Meets,3.9,5,5,0,9
"Stoica, Rick",10266,3,0,61355,Production Technician I,MA,2301,14-03-1985,38,M ,Married,US Citizen,17-02-2014,,0,Active,Production       ,Kelley Spirea,LinkedIn,Fully Meets,4.7,3,0,0,4
"Strong, Caitrin",10241,3,0,60120,Area Sales Manager,MT,59102,12-05-1989,34,F,Married,US Citizen,27-09-2010,,0,Active,Sales,John Smith,Indeed,Fully Meets,4.1,4,0,0,18
"Sullivan, Kissy",10158,3,0,63682,Production Manager,MA,1776,28-03-1978,45,F,Married,US Citizen,08-01-2009,,0,Active,Production       ,Janet King,Indeed,Fully Meets,3.73,4,0,0,12
"Sullivan, Timothy",10117,3,0,63025,Production Technician I,MA,2747,07-10-1982,41,M ,Married,US Citizen,05-01-2015,,0,Active,Production       ,Michael Albert,Google Search,Fully Meets,4.36,5,0,0,10
"Sutwell, Barbara",10209,3,0,59238,Production Technician I,MA,2718,15-08-1968,55,F,Single,Eligible NonCitizen,14-05-2012,,0,Active,Production       ,Elijiah Gray,Indeed,Fully Meets,3.4,5,0,0,13
"Szabo, Andrew",10024,4,0,92989,Software Engineer,MA,2140,06-05-1983,40,M ,Single,US Citizen,07-07-2014,,0,Active,Software Engineering,Alex Sweetwater,LinkedIn,Exceeds,4.5,5,5,0,1
"Tannen, Biff",10173,3,0,90100,BI Developer,MA,2134,24-10-1987,36,M ,Married,US Citizen,20-04-2017,,0,Active,IT/IS,Brian Champaigne,Indeed,Fully Meets,3.4,3,6,0,14
"Tavares, Desiree",10221,3,1,60754,Production Technician I,MA,1801,03-04-1975,48,F,Married,Non-Citizen,27-04-2009,01-04-2013,1,Voluntarily Terminated,Production       ,Webster Butler,Diversity Job Fair,Fully Meets,4.5,5,0,0,11
"Tejeda, Lenora",10146,3,0,72202,Production Technician II,MA,2129,24-05-1953,70,F,Married,US Citizen,16-05-2011,08-07-2017,1,Voluntarily Terminated,Production       ,Elijiah Gray,Google Search,Fully Meets,3.93,3,0,0,3
"Terry, Sharlene",10161,3,0,58370,Area Sales Manager,OR,97756,07-05-1965,58,F,Single,US Citizen,29-09-2014,,0,Active,Sales,Lynn Daneault,Indeed,Fully Meets,3.69,3,0,0,18
"Theamstern, Sophia",10141,3,0,48413,Production Technician I,MA,2066,09-05-1965,58,F,Single,US Citizen,05-07-2011,05-09-2016,1,Voluntarily Terminated,Production       ,Amy Dunn,Indeed,Fully Meets,3.98,4,0,0,1
"Thibaud, Kenneth",10268,3,0,67176,Production Technician II,MA,2472,16-09-1975,48,M ,Widowed,US Citizen,25-06-2007,30-08-2010,1,Voluntarily Terminated,Production       ,Webster Butler,Other,Fully Meets,4.1,4,0,0,15
"Tippett, Jeanette",10123,3,0,56339,Production Technician I,MA,2093,05-06-1967,56,F,Divorced,US Citizen,18-02-2013,,0,Active,Production       ,Brannon Miller,Indeed,Fully Meets,4.21,5,0,0,4
"Torrence, Jack",10013,4,0,64397,Area Sales Manager,ND,58782,15-01-1968,55,M ,Separated,US Citizen,09-01-2006,,0,Active,Sales,Lynn Daneault,Indeed,Exceeds,4.1,3,0,0,6
"Trang, Mei",10287,2,0,63025,Production Technician I,MA,2021,16-05-1983,40,F,Single,US Citizen,17-02-2014,,0,Active,Production       ,David Stanley,LinkedIn,Needs Improvement,2.44,5,0,4,18
"Tredinnick, Neville",10044,3,0,75281,Network Engineer,MA,1420,05-05-1988,35,M ,Married,US Citizen,05-01-2015,12-02-2016,1,Voluntarily Terminated,IT/IS,Peter Monroe,CareerBuilder,Fully Meets,5,3,5,0,11
"True, Edward",10102,3,1,100416,Software Engineer,MA,2451,14-06-1983,40,M ,Single,Non-Citizen,18-02-2013,15-04-2018,1,Voluntarily Terminated,Software Engineering,Alex Sweetwater,Diversity Job Fair,Fully Meets,4.6,3,4,0,9
"Trzeciak, Cybil",10270,3,0,74813,Production Technician II,MA,1778,15-03-1985,38,F,Single,US Citizen,10-01-2011,02-07-2014,1,Voluntarily Terminated,Production       ,Amy Dunn,LinkedIn,Fully Meets,4.4,3,0,0,5
"Turpin, Jumil",10045,3,0,76029,Network Engineer,MA,2343,31-03-1969,54,M ,Married,Eligible NonCitizen,30-03-2015,,0,Active,IT/IS,Peter Monroe,Employee Referral,Fully Meets,5,4,7,0,8
"Valentin,Jackie",10205,3,0,57859,Area Sales Manager,AZ,85006,23-05-1991,32,F,Married,US Citizen,05-07-2011,,0,Active,Sales,John Smith,Indeed,Fully Meets,2.81,3,0,0,16
"Veera, Abdellah",10014,4,0,58523,Production Technician I,MA,2171,31-01-1987,36,M ,Divorced,US Citizen,13-08-2012,05-02-2016,1,Voluntarily Terminated,Production       ,Kissy Sullivan,LinkedIn,Exceeds,4.5,5,0,0,15
"Vega, Vincent",10144,3,0,88976,Production Manager,MA,2169,10-10-1968,55,M ,Divorced,US Citizen,01-08-2011,,0,Active,Production       ,Janet King,Employee Referral,Fully Meets,3.93,3,0,0,19
"Villanueva, Noah",10253,3,0,55875,Area Sales Manager,ME,4063,11-07-1989,34,M ,Single,US Citizen,05-03-2012,,0,Active,Sales,John Smith,Website,Fully Meets,4.5,4,0,0,11
"Voldemort, Lord",10118,3,0,113999,Database Administrator,MA,1960,07-08-1986,37,M ,Married,US Citizen,16-02-2015,22-02-2017,1,Terminated for Cause,IT/IS,Simon Roup,Employee Referral,Fully Meets,4.33,3,7,0,9
"Volk, Colleen",10022,4,0,49773,Production Technician I,MA,2747,03-06-1986,37,F,Married,US Citizen,26-09-2011,08-02-2016,1,Terminated for Cause,Production       ,Kelley Spirea,Google Search,Exceeds,4.3,5,0,0,18
"Von Massenbach, Anna",10183,3,0,62068,Production Technician I,MA,2124,06-04-1985,38,F,Single,US Citizen,05-07-2015,,0,Active,Production       ,Michael Albert,LinkedIn,Fully Meets,3.21,3,0,0,7
"Walker, Roger",10190,3,0,66541,Production Technician II,MA,2459,10-02-1976,47,M ,Single,US Citizen,18-08-2014,,0,Active,Production       ,Ketsia Liebig,Employee Referral,Fully Meets,3.11,5,0,0,4
"Wallace, Courtney E",10274,3,1,80512,Production Manager,MA,2478,14-11-1955,68,F,Married,US Citizen,26-09-2011,02-01-2012,1,Voluntarily Terminated,Production       ,Janet King,Diversity Job Fair,Fully Meets,4.5,3,0,0,5
"Wallace, Theresa",10293,2,0,50274,Production Technician I,MA,1887,02-08-1980,43,F,Single,US Citizen,13-08-2012,01-09-2015,1,Voluntarily Terminated,Production       ,Elijiah Gray,CareerBuilder,Needs Improvement,2.5,3,0,6,13
"Wang, Charlie",10172,3,0,84903,Senior BI Developer,MA,1887,08-07-1981,42,M ,Single,US Citizen,15-02-2017,,0,Active,IT/IS,Brian Champaigne,Indeed,Fully Meets,3.42,4,7,0,17
"Warfield, Sarah",10127,3,0,107226,Sr. Network Engineer,MA,2453,02-05-1978,45,F,Widowed,US Citizen,30-03-2015,,0,Active,IT/IS,Peter Monroe,Employee Referral,Fully Meets,4.2,4,8,0,7
"Whittier, Scott",10072,3,0,58371,Production Technician I,MA,2030,24-05-1987,36,M ,Single,US Citizen,10-01-2011,15-05-2014,1,Voluntarily Terminated,Production       ,Webster Butler,LinkedIn,Fully Meets,5,5,0,0,11
"Wilber, Barry",10048,3,0,55140,Production Technician I,MA,2324,09-09-1965,58,M ,Married,Eligible NonCitizen,16-05-2011,07-09-2015,1,Voluntarily Terminated,Production       ,Amy Dunn,Website,Fully Meets,5,3,0,0,7
"Wilkes, Annie",10204,3,0,58062,Production Technician I,MA,1876,30-07-1983,40,F,Divorced,US Citizen,10-01-2011,14-05-2012,1,Voluntarily Terminated,Production       ,Ketsia Liebig,Google Search,Fully Meets,3.6,5,0,0,9
"Williams, Jacquelyn",10264,3,1,59728,Production Technician I,MA,2109,02-10-1969,54,F,Single,US Citizen,09-01-2012,27-06-2015,1,Voluntarily Terminated,Production       ,Ketsia Liebig,Diversity Job Fair,Fully Meets,4.3,4,0,0,16
"Winthrop, Jordan",10033,4,0,70507,Production Technician II,MA,2045,07-11-1958,65,M ,Single,US Citizen,07-01-2013,21-02-2016,1,Voluntarily Terminated,Production       ,Brannon Miller,LinkedIn,Exceeds,5,3,0,0,7
"Wolk, Hang T",10174,3,0,60446,Production Technician II,MA,2302,20-04-1985,38,F,Single,US Citizen,29-09-2014,,0,Active,Production       ,David Stanley,LinkedIn,Fully Meets,3.4,4,0,0,14
"Woodson, Jason",10135,3,0,65893,Production Technician II,MA,1810,11-05-1985,38,M ,Single,US Citizen,07-07-2014,,0,Active,Production       ,Kissy Sullivan,LinkedIn,Fully Meets,4.07,4,0,0,13
"Ybarra, Catherine",10301,1,0,48513,Production Technician I,MA,2458,04-05-1982,41,F,Single,US Citizen,02-09-2008,29-09-2015,1,Voluntarily Terminated,Production       ,Brannon Miller,Google Search,PIP,3.2,2,0,5,4
"Zamora, Jennifer",10010,4,0,220450,CIO,MA,2067,30-08-1979,44,F,Single,US Citizen,10-04-2010,,0,Active,IT/IS,Janet King,Employee Referral,Exceeds,4.6,5,6,0,16
"Zhou, Julia",10043,3,0,89292,Data Analyst,MA,2148,24-02-1979,44,F,Single,US Citizen,30-03-2015,,0,Active,IT/IS,Simon Roup,Employee Referral,Fully Meets,5,3,5,0,11
"Zima, Colleen",10271,3,0,45046,Production Technician I,MA,1730,17-08-1978,45,F,Widowed,US Citizen,29-09-2014,,0,Active,Production       ,David Stanley,LinkedIn,Fully Meets,4.5,5,0,0,2
